fromId,toId,distanceMeters,speedKph,undirected,highway
1,2,29.2,30,1,residential
2,3,27.4,30,1,residential
3,4,36.7,30,1,residential
4,5,29.3,30,1,residential
5,6,35.4,30,1,residential
6,7,21.7,30,1,residential
7,8,27.2,30,1,residential
8,9,38.0,30,1,residential
9,10,33.2,30,1,residential
10,11,31.5,30,1,residential
11,12,30.5,30,1,residential
12,13,22.0,30,1,residential
13,14,29.2,30,1,residential
14,15,20.5,30,1,residential
15,16,21.6,30,1,residential
16,17,29.7,30,1,residential
17,18,13.3,30,1,residential
18,19,21.6,30,1,residential
19,20,22.9,30,1,residential
20,21,21.6,30,1,residential
21,22,21.8,30,1,residential
22,23,10.5,30,1,residential
23,24,14.9,30,1,residential
24,25,14.9,30,1,residential
25,26,15.3,30,1,residential
26,27,31.5,30,1,residential
27,28,15.3,30,1,residential
28,29,24.1,30,1,residential
29,30,19.5,30,1,residential
30,31,19.1,30,1,residential
31,32,40.3,30,1,residential
32,33,43.5,30,1,residential
34,35,51.8,30,1,residential
35,36,114.8,30,1,residential
36,37,5.1,30,1,residential
37,38,25.6,30,1,residential
38,39,73.9,30,1,residential
39,40,43.1,30,1,residential
40,41,33.1,30,1,residential
41,42,8.3,30,1,residential
42,43,24.3,30,1,residential
43,44,18.8,30,1,residential
44,45,54.9,30,1,residential
45,46,27.6,30,1,residential
46,47,92.8,30,1,residential
47,48,90.8,30,1,residential
48,49,61.0,30,1,residential
49,50,3.8,30,1,residential
50,51,7.7,30,1,residential
51,52,11.4,30,1,residential
52,53,10.5,30,1,residential
53,54,18.6,30,1,residential
54,55,23.4,30,1,residential
55,56,10.3,30,1,residential
56,57,2.1,30,1,residential
57,58,14.0,30,1,residential
58,59,15.9,30,1,residential
59,60,16.1,30,1,residential
60,61,14.8,30,1,residential
61,62,15.9,30,1,residential
63,64,39.6,20,1,unclassified
65,66,9.7,40,1,tertiary
66,67,9.7,40,1,tertiary
67,68,9.7,40,1,tertiary
68,69,7.4,40,1,tertiary
69,70,7.4,40,1,tertiary
70,71,11.0,40,1,tertiary
71,63,8.8,40,1,tertiary
63,72,12.1,40,1,tertiary
72,73,9.7,40,1,tertiary
73,74,9.7,40,1,tertiary
74,75,9.7,40,1,tertiary
75,76,8.1,40,1,tertiary
76,77,8.1,40,1,tertiary
77,78,8.1,40,1,tertiary
79,80,69.0,20,1,unclassified
78,81,9.9,40,1,tertiary
81,82,8.5,40,1,tertiary
82,83,9.7,40,1,tertiary
68,84,4.6,20,1,unclassified
84,85,8.1,20,1,unclassified
85,79,13.1,20,1,unclassified
86,87,15.8,40,1,tertiary
87,88,12.9,40,1,tertiary
88,89,16.2,40,1,tertiary
90,91,15.6,20,1,unclassified
91,92,16.4,20,1,unclassified
92,93,13.0,20,1,unclassified
93,94,11.7,20,1,unclassified
95,96,103.3,20,1,unclassified
96,97,48.1,20,1,unclassified
97,98,109.1,20,1,unclassified
99,100,19.2,40,1,tertiary
100,101,30.3,40,1,tertiary
101,102,9.0,40,1,tertiary
102,103,23.8,40,1,tertiary
103,104,15.9,40,1,tertiary
104,105,26.6,40,1,tertiary
105,106,65.5,40,1,tertiary
106,107,11.7,40,1,tertiary
107,108,22.6,40,1,tertiary
108,109,62.1,40,1,tertiary
109,110,80.8,40,1,tertiary
110,111,22.0,40,1,tertiary
112,113,33.3,20,1,unclassified
113,114,20.3,20,1,unclassified
114,115,19.7,20,1,unclassified
115,116,43.5,20,1,unclassified
116,117,146.7,20,1,unclassified
117,118,50.8,20,1,unclassified
118,119,19.6,20,1,unclassified
119,120,95.6,20,1,unclassified
120,121,13.8,20,1,unclassified
121,122,66.5,20,1,unclassified
122,123,123.6,20,1,unclassified
123,124,11.7,20,1,unclassified
124,125,65.6,20,1,unclassified
125,126,33.7,20,1,unclassified
126,127,13.9,20,1,unclassified
99,128,8.9,40,1,tertiary
128,129,11.0,40,1,tertiary
129,130,12.1,40,1,tertiary
130,94,13.0,40,1,tertiary
131,132,4.8,30,1,residential
132,133,63.5,30,1,residential
133,134,16.0,30,1,residential
134,135,22.7,30,1,residential
135,136,22.8,30,1,residential
136,137,80.0,30,1,residential
137,138,17.0,30,1,residential
138,139,55.1,30,1,residential
139,140,11.1,30,1,residential
140,141,20.0,30,1,residential
141,142,43.7,30,1,residential
142,143,107.8,30,1,residential
143,144,90.8,30,1,residential
144,145,33.1,30,1,residential
145,146,21.8,30,1,residential
146,147,50.2,30,1,residential
147,148,13.6,30,1,residential
148,149,24.2,30,1,residential
149,150,52.1,30,1,residential
150,151,16.9,30,1,residential
151,152,14.2,30,1,residential
152,153,79.9,30,1,residential
153,154,105.7,30,1,residential
154,155,99.2,30,1,residential
155,156,128.5,30,1,residential
156,157,128.8,30,1,residential
157,158,32.7,30,1,residential
159,160,64.1,30,1,residential
160,161,17.6,30,1,residential
161,162,41.5,30,1,residential
162,163,31.0,30,1,residential
163,164,21.6,30,1,residential
164,165,6.5,30,1,residential
165,166,100.5,30,1,residential
166,167,4.0,30,1,residential
64,168,39.5,20,1,unclassified
168,169,101.8,20,1,unclassified
169,170,169.9,20,1,unclassified
170,171,41.4,20,1,unclassified
171,172,58.4,20,1,unclassified
172,173,10.7,20,1,unclassified
173,174,30.0,20,1,unclassified
174,175,40.9,20,1,unclassified
175,176,29.9,20,1,unclassified
176,177,19.1,20,1,unclassified
177,178,28.9,20,1,unclassified
178,179,9.9,20,1,unclassified
179,180,13.0,20,1,unclassified
180,181,30.8,20,1,unclassified
181,182,20.9,20,1,unclassified
183,184,53.0,20,1,service
184,185,26.1,20,1,service
185,186,46.3,20,1,service
187,188,2.0,20,1,service
188,189,1.6,20,1,service
189,190,2.0,20,1,service
190,191,51.3,20,1,service
191,192,2.6,20,1,service
192,193,1.8,20,1,service
193,194,39.0,20,1,service
194,195,9.5,20,1,service
195,196,2.0,20,1,service
196,197,1.8,20,1,service
197,198,9.4,20,1,service
199,97,17.4,20,1,unclassified
200,201,6.1,30,1,residential
201,202,3.8,30,1,residential
202,203,3.8,30,1,residential
203,204,3.8,30,1,residential
204,205,3.8,30,1,residential
205,206,3.8,30,1,residential
206,207,3.8,30,1,residential
207,208,3.8,30,1,residential
208,209,3.8,30,1,residential
209,210,3.8,30,1,residential
210,211,3.8,30,1,residential
211,212,3.8,30,1,residential
212,213,6.7,30,1,residential
214,215,54.6,20,1,unclassified
215,216,22.0,20,1,unclassified
216,217,46.6,20,1,unclassified
217,218,26.4,20,1,unclassified
218,219,16.7,20,1,unclassified
219,220,21.3,20,1,unclassified
220,221,20.3,20,1,unclassified
221,222,7.3,20,1,unclassified
222,223,22.5,20,1,unclassified
223,224,6.9,20,1,unclassified
224,225,48.8,20,1,unclassified
225,226,9.6,20,1,unclassified
226,227,23.2,20,1,unclassified
227,228,26.3,20,1,unclassified
228,229,73.6,20,1,unclassified
229,230,20.8,20,1,unclassified
230,231,77.0,20,1,unclassified
231,232,23.5,20,1,unclassified
232,233,21.2,20,1,unclassified
233,234,54.0,20,1,unclassified
234,235,47.0,20,1,unclassified
235,236,17.7,20,1,unclassified
236,237,4.2,20,1,unclassified
237,238,6.1,20,1,unclassified
238,239,46.8,20,1,unclassified
240,241,7.4,20,1,unclassified
241,242,7.4,20,1,unclassified
242,243,7.4,20,1,unclassified
243,244,7.4,20,1,unclassified
244,245,7.4,20,1,unclassified
245,246,7.4,20,1,unclassified
246,247,2.7,20,1,unclassified
247,248,9.8,20,1,unclassified
248,249,9.8,20,1,unclassified
249,250,8.4,20,1,unclassified
250,251,8.4,20,1,unclassified
251,252,8.8,20,1,unclassified
252,253,8.8,20,1,unclassified
253,254,8.1,20,1,unclassified
254,255,8.1,20,1,unclassified
255,256,8.9,20,1,unclassified
256,257,8.9,20,1,unclassified
257,240,4.9,20,1,unclassified
258,259,5.3,20,1,unclassified
259,260,5.3,20,1,unclassified
260,261,6.0,20,1,unclassified
261,262,6.3,20,1,unclassified
262,263,6.2,20,1,unclassified
263,264,6.3,20,1,unclassified
264,265,5.7,20,1,unclassified
265,266,5.7,20,1,unclassified
266,267,5.6,20,1,unclassified
267,268,5.7,20,1,unclassified
268,269,6.1,20,1,unclassified
269,214,6.1,20,1,unclassified
214,270,6.1,20,1,unclassified
270,271,5.1,20,1,unclassified
271,272,5.1,20,1,unclassified
272,273,5.1,20,1,unclassified
273,274,5.1,20,1,unclassified
274,258,5.3,20,1,unclassified
275,276,134.7,30,1,residential
251,277,40.0,30,1,residential
277,200,51.6,30,1,residential
213,278,50.7,30,1,residential
278,253,41.1,30,1,residential
279,280,47.2,30,1,residential
280,281,96.5,30,1,residential
281,282,54.0,30,1,residential
247,283,70.3,20,1,unclassified
283,284,26.4,20,1,unclassified
284,285,35.5,20,1,unclassified
285,286,68.6,20,1,unclassified
217,287,24.7,30,1,residential
287,288,97.3,30,1,residential
288,289,73.5,30,1,residential
289,290,16.6,30,1,residential
290,291,19.5,30,1,residential
291,292,46.0,30,1,residential
292,293,20.9,30,1,residential
293,294,97.7,30,1,residential
295,296,8.7,30,1,residential
296,297,4.9,30,1,residential
297,283,5.4,30,1,residential
283,298,5.2,30,1,residential
298,299,76.6,30,1,residential
299,300,22.7,30,1,residential
300,301,19.0,30,1,residential
301,302,84.5,30,1,residential
302,303,74.4,30,1,residential
304,305,17.1,30,1,residential
305,306,3.6,30,1,residential
306,307,24.3,30,1,residential
307,308,16.2,30,1,residential
308,309,39.5,30,1,residential
309,310,43.2,30,1,residential
310,311,37.5,30,1,residential
311,312,44.0,30,1,residential
312,313,75.4,30,1,residential
314,199,110.4,20,1,unclassified
199,167,23.2,20,1,unclassified
167,315,25.2,20,1,unclassified
316,282,61.2,30,1,residential
282,317,58.8,30,1,residential
317,318,42.6,30,1,residential
318,319,54.2,30,1,residential
319,320,86.2,30,1,residential
320,321,12.1,30,1,residential
321,322,10.2,30,1,residential
322,323,9.5,30,1,residential
323,213,73.4,30,1,residential
213,200,17.6,30,1,residential
200,324,77.4,30,1,residential
324,325,8.2,30,1,residential
325,326,6.5,30,1,residential
326,327,6.0,30,1,residential
327,328,22.0,30,1,residential
328,329,74.4,30,1,residential
329,330,52.5,30,1,residential
330,331,42.3,30,1,residential
331,279,60.5,30,1,residential
279,332,60.9,30,1,residential
333,332,20.4,30,1,residential
332,334,5.1,30,1,residential
334,335,4.2,30,1,residential
335,336,7.4,30,1,residential
336,337,42.6,30,1,residential
337,338,75.2,30,1,residential
338,339,13.5,30,1,residential
339,316,51.2,30,1,residential
316,340,35.6,30,1,residential
340,341,34.4,30,1,residential
270,342,21.8,20,1,unclassified
342,343,24.5,20,1,unclassified
343,344,23.9,20,1,unclassified
344,345,48.6,20,1,unclassified
346,347,14.2,30,1,residential
347,348,13.0,30,1,residential
348,349,12.4,30,1,residential
349,350,10.5,30,1,residential
350,351,13.6,30,1,residential
351,352,26.0,30,1,residential
352,353,12.1,30,1,residential
353,354,19.5,30,1,residential
354,355,14.5,30,1,residential
355,356,10.3,30,1,residential
356,357,11.6,30,1,residential
357,358,12.5,30,1,residential
358,359,11.8,30,1,residential
359,360,8.4,30,1,residential
360,361,72.3,30,1,residential
361,362,15.4,30,1,residential
315,96,17.4,20,1,unclassified
22,363,26.4,30,1,residential
363,364,39.7,30,1,residential
364,365,36.9,30,1,residential
365,366,57.8,30,1,residential
366,367,20.4,30,1,residential
367,368,4.8,30,1,residential
368,369,20.3,30,1,residential
369,370,10.8,30,1,residential
370,371,6.9,30,1,residential
371,372,9.6,30,1,residential
372,373,14.2,30,1,residential
373,374,10.0,30,1,residential
374,375,11.6,30,1,residential
375,376,8.9,30,1,residential
376,377,8.2,30,1,residential
377,378,15.0,30,1,residential
378,379,17.6,30,1,residential
379,380,64.1,30,1,residential
380,381,25.4,30,1,residential
381,382,37.3,30,1,residential
382,383,80.6,30,1,residential
383,384,12.0,30,1,residential
384,346,46.3,30,1,residential
346,385,13.2,30,1,residential
385,386,30.5,30,1,residential
386,387,23.5,30,1,residential
387,388,25.1,30,1,residential
388,389,27.1,30,1,residential
389,390,21.8,30,1,residential
390,391,24.7,30,1,residential
391,392,18.0,30,1,residential
392,393,24.6,30,1,residential
393,394,36.6,30,1,residential
330,395,50.6,30,1,residential
395,117,76.1,30,1,residential
117,396,44.7,30,1,residential
396,397,18.1,30,1,residential
397,398,32.0,30,1,residential
398,399,33.1,30,1,residential
399,394,52.2,30,1,residential
394,400,55.0,30,1,residential
400,401,30.5,30,1,residential
401,402,22.4,30,1,residential
402,403,24.9,30,1,residential
404,405,124.8,20,1,unclassified
405,406,35.4,20,1,unclassified
406,239,138.7,20,1,unclassified
239,407,50.0,20,1,unclassified
407,408,6.0,20,1,unclassified
408,409,38.2,20,1,unclassified
409,90,20.3,20,1,unclassified
111,410,28.1,40,1,tertiary
410,127,30.4,40,1,tertiary
80,411,56.5,30,1,residential
411,412,32.6,30,1,residential
412,413,9.8,30,1,residential
413,414,6.0,30,1,residential
414,415,5.2,30,1,residential
415,416,6.2,30,1,residential
416,417,9.7,30,1,residential
417,418,10.3,30,1,residential
418,419,16.2,30,1,residential
419,420,109.0,30,1,residential
420,421,5.0,30,1,residential
421,422,18.4,30,1,residential
422,423,32.1,30,1,residential
423,424,86.7,30,1,residential
424,425,71.6,30,1,residential
425,426,39.4,30,1,residential
426,427,99.4,30,1,residential
427,428,125.5,30,1,residential
428,429,5.9,30,1,residential
429,430,4.6,30,1,residential
430,431,6.5,30,1,residential
431,432,172.7,30,1,residential
333,433,5.0,30,1,residential
433,434,2.4,30,1,residential
434,435,3.1,30,1,residential
435,436,74.3,30,1,residential
436,437,70.5,30,1,residential
437,438,3.8,30,1,residential
438,439,3.9,30,1,residential
439,440,4.2,30,1,residential
440,441,42.0,30,1,residential
441,442,49.6,30,1,residential
442,443,93.8,30,1,residential
443,444,41.4,30,1,residential
444,445,23.4,30,1,residential
445,446,2.1,30,1,residential
109,447,127.3,30,1,residential
447,441,42.8,30,1,residential
446,448,2.3,30,1,residential
448,449,51.3,30,1,residential
449,340,108.7,30,1,residential
122,436,96.1,30,1,residential
13,450,49.1,30,1,residential
450,451,49.8,30,1,residential
451,452,42.7,30,1,residential
452,453,50.0,30,1,residential
453,454,29.5,30,1,residential
454,455,25.5,30,1,residential
455,456,23.5,30,1,residential
456,457,18.3,30,1,residential
457,458,18.1,30,1,residential
458,459,20.9,30,1,residential
459,460,25.2,30,1,residential
460,461,88.1,30,1,residential
461,462,16.2,30,1,residential
462,463,16.8,30,1,residential
463,464,6.7,30,1,residential
464,465,10.2,30,1,residential
465,466,7.9,30,1,residential
466,467,9.1,30,1,residential
467,468,13.5,30,1,residential
468,469,15.7,30,1,residential
469,470,17.8,30,1,residential
470,471,0.5,30,1,residential
471,472,77.2,30,1,residential
472,473,38.5,30,1,residential
473,474,16.1,30,1,residential
474,475,11.6,30,1,residential
475,476,49.4,30,1,residential
476,17,55.4,30,1,residential
362,477,7.4,30,1,residential
477,478,6.3,30,1,residential
478,479,14.9,30,1,residential
479,480,26.1,30,1,residential
480,481,34.0,30,1,residential
481,482,6.6,30,1,residential
482,483,20.2,30,1,residential
483,484,13.3,30,1,residential
484,38,25.6,30,1,residential
485,486,34.1,30,1,residential
486,487,35.7,30,1,residential
487,488,15.1,30,1,residential
488,489,7.1,30,1,residential
489,490,32.2,30,1,residential
490,491,24.1,30,1,residential
491,492,14.0,30,1,residential
492,493,8.8,30,1,residential
493,494,30.7,30,1,residential
494,495,27.5,30,1,residential
495,496,64.6,30,1,residential
496,497,54.1,30,1,residential
497,123,28.8,30,1,residential
485,498,34.1,30,1,residential
498,499,26.7,30,1,residential
499,500,27.6,30,1,residential
500,501,28.6,30,1,residential
501,502,29.3,30,1,residential
502,503,59.4,30,1,residential
503,504,27.7,30,1,residential
504,505,31.9,30,1,residential
505,506,11.7,30,1,residential
506,507,16.6,30,1,residential
507,397,20.4,30,1,residential
33,508,20.3,30,1,residential
508,509,13.6,30,1,residential
509,510,13.1,30,1,residential
510,400,22.8,30,1,residential
511,512,19.4,30,1,residential
512,513,21.1,30,1,residential
513,514,40.6,30,1,residential
514,515,7.9,30,1,residential
515,516,6.8,30,1,residential
516,517,15.2,30,1,residential
517,518,40.5,30,1,residential
518,519,12.8,30,1,residential
519,520,22.2,30,1,residential
520,521,33.7,30,1,residential
521,522,15.6,30,1,residential
522,523,5.8,30,1,residential
523,524,11.1,30,1,residential
524,525,13.9,30,1,residential
525,526,10.0,30,1,residential
526,527,10.2,30,1,residential
527,528,8.5,30,1,residential
528,529,14.2,30,1,residential
529,530,17.5,30,1,residential
530,531,13.7,30,1,residential
531,532,27.0,30,1,residential
532,533,11.4,30,1,residential
534,511,22.4,30,1,residential
511,535,26.6,30,1,residential
535,536,26.7,30,1,residential
536,537,26.7,30,1,residential
537,538,21.4,30,1,residential
538,539,21.5,30,1,residential
539,540,21.4,30,1,residential
540,541,21.4,30,1,residential
541,542,21.8,30,1,residential
542,543,21.8,30,1,residential
543,544,21.8,30,1,residential
544,545,21.8,30,1,residential
545,546,22.4,30,1,residential
546,547,22.4,30,1,residential
547,534,22.4,30,1,residential
548,549,30.5,30,1,residential
549,550,52.1,30,1,residential
550,551,40.4,30,1,residential
551,552,12.0,30,1,residential
552,553,12.1,30,1,residential
553,554,12.7,30,1,residential
554,555,18.8,30,1,residential
556,557,130.9,30,1,residential
557,558,37.2,30,1,residential
558,559,88.8,30,1,residential
559,560,11.2,30,1,residential
560,561,14.0,30,1,residential
561,562,49.7,30,1,residential
562,563,32.7,30,1,residential
564,556,107.1,30,1,residential
556,565,92.7,30,1,residential
261,566,3.7,30,1,residential
566,567,153.2,30,1,residential
567,568,45.5,30,1,residential
475,569,28.9,30,1,residential
569,570,43.9,30,1,residential
570,451,27.5,30,1,residential
14,570,95.8,20,1,service
570,571,21.1,20,1,service
571,572,15.5,20,1,service
572,573,16.3,20,1,service
573,574,15.0,20,1,service
574,569,22.5,20,1,service
569,16,96.3,20,1,service
575,576,23.7,30,1,residential
576,577,19.0,30,1,residential
577,578,15.4,30,1,residential
578,579,17.4,30,1,residential
579,580,20.8,30,1,residential
580,581,17.5,30,1,residential
581,582,15.7,30,1,residential
582,583,21.5,30,1,residential
583,584,18.7,30,1,residential
584,585,63.2,30,1,residential
585,586,30.1,30,1,residential
586,587,18.3,30,1,residential
587,588,5.5,30,1,residential
588,589,116.3,30,1,residential
589,590,32.8,30,1,residential
590,591,22.3,30,1,residential
591,592,20.4,30,1,residential
592,593,18.5,30,1,residential
593,537,23.0,30,1,residential
581,594,42.2,30,1,residential
594,595,52.5,30,1,residential
595,596,14.7,30,1,residential
596,597,25.1,30,1,residential
597,598,9.0,30,1,residential
598,599,10.9,30,1,residential
599,600,31.3,30,1,residential
600,601,18.8,30,1,residential
601,602,23.7,30,1,residential
602,603,18.4,30,1,residential
603,604,33.3,30,1,residential
604,605,27.1,30,1,residential
605,606,18.6,30,1,residential
606,607,22.7,30,1,residential
607,608,2.3,30,1,residential
608,609,39.7,30,1,residential
609,610,21.2,30,1,residential
610,611,12.2,30,1,residential
611,612,15.6,30,1,residential
612,613,32.6,30,1,residential
613,614,31.6,30,1,residential
614,615,43.5,30,1,residential
615,616,51.5,30,1,residential
616,617,24.1,30,1,residential
617,618,33.6,30,1,residential
618,619,57.2,30,1,residential
619,541,69.2,30,1,residential
618,620,21.3,30,1,residential
620,621,42.6,30,1,residential
621,622,41.1,30,1,residential
622,623,69.5,30,1,residential
623,624,7.6,30,1,residential
624,625,5.8,30,1,residential
625,626,35.3,30,1,residential
626,627,47.6,30,1,residential
627,628,46.0,30,1,residential
628,629,25.0,30,1,residential
629,630,15.4,30,1,residential
630,631,9.9,30,1,residential
631,632,7.3,30,1,residential
632,633,48.8,30,1,residential
633,634,24.3,30,1,residential
634,635,30.4,30,1,residential
635,636,31.8,30,1,residential
636,637,10.3,30,1,residential
637,638,25.6,30,1,residential
638,639,48.7,30,1,residential
639,640,83.7,30,1,residential
640,641,7.1,30,1,residential
641,642,92.6,30,1,residential
642,643,73.4,30,1,residential
643,644,43.6,30,1,residential
644,645,22.4,30,1,residential
645,545,9.4,30,1,residential
589,646,66.4,30,1,residential
647,642,79.4,20,1,service
648,649,44.2,30,1,residential
649,650,3.6,30,1,residential
650,651,3.6,30,1,residential
651,652,81.1,30,1,residential
652,653,7.0,30,1,residential
653,634,71.1,30,1,residential
654,655,42.4,30,1,residential
655,656,5.3,30,1,residential
656,657,3.2,30,1,residential
657,658,3.6,30,1,residential
658,659,3.3,30,1,residential
659,660,93.7,30,1,residential
660,661,23.4,30,1,residential
661,662,19.3,30,1,residential
662,663,23.1,30,1,residential
563,664,27.7,30,1,residential
664,665,43.6,30,1,residential
665,666,35.6,30,1,residential
666,667,37.7,30,1,residential
667,668,84.2,30,1,residential
668,669,40.0,30,1,residential
669,663,18.8,30,1,residential
663,670,39.5,30,1,residential
670,671,19.4,30,1,residential
671,672,6.2,30,1,residential
672,673,65.8,30,1,residential
673,674,55.6,30,1,residential
674,675,7.1,30,1,residential
676,677,19.0,30,1,residential
677,678,7.7,30,1,residential
678,679,11.1,30,1,residential
679,680,34.9,30,1,residential
680,681,18.4,30,1,residential
681,682,19.8,30,1,residential
682,683,20.3,30,1,residential
683,684,35.8,30,1,residential
684,685,14.6,30,1,residential
685,686,9.8,30,1,residential
686,687,22.7,30,1,residential
687,688,18.3,30,1,residential
688,689,26.8,30,1,residential
689,690,34.0,30,1,residential
690,691,11.9,30,1,residential
691,692,15.6,30,1,residential
692,693,13.9,30,1,residential
693,694,10.7,30,1,residential
694,695,19.7,30,1,residential
695,696,17.8,30,1,residential
696,697,32.8,30,1,residential
697,698,6.7,30,1,residential
698,699,6.0,30,1,residential
699,700,7.1,30,1,residential
700,641,11.7,30,1,residential
701,702,18.5,20,1,service
702,703,4.4,20,1,service
703,704,4.7,20,1,service
704,705,6.3,20,1,service
705,706,79.1,20,1,service
706,707,3.1,20,1,service
707,708,3.8,20,1,service
708,709,26.0,20,1,service
709,710,3.3,20,1,service
710,711,3.1,20,1,service
711,712,77.8,20,1,service
712,701,14.5,20,1,service
83,713,13.2,40,1,tertiary
713,714,1.9,40,1,tertiary
714,715,10.5,40,1,tertiary
89,716,16.6,40,1,tertiary
716,717,6.6,40,1,tertiary
717,718,7.6,40,1,tertiary
718,65,13.9,40,1,tertiary
79,719,16.7,20,1,unclassified
719,720,5.5,20,1,unclassified
720,70,4.6,20,1,unclassified
64,721,12.4,20,1,unclassified
721,722,7.8,20,1,unclassified
722,75,13.7,20,1,unclassified
723,724,1.8,20,1,unclassified
724,725,4.3,20,1,unclassified
725,726,4.1,20,1,unclassified
726,727,4.1,20,1,unclassified
727,728,4.1,20,1,unclassified
728,729,4.1,20,1,unclassified
729,730,4.1,20,1,unclassified
730,731,3.7,20,1,unclassified
731,732,3.0,20,1,unclassified
732,733,5.3,20,1,unclassified
733,95,4.4,20,1,unclassified
95,734,3.9,20,1,unclassified
734,735,3.9,20,1,unclassified
735,736,3.9,20,1,unclassified
736,737,3.9,20,1,unclassified
737,738,3.9,20,1,unclassified
738,739,3.7,20,1,unclassified
739,723,6.2,20,1,unclassified
240,740,6.2,20,1,service
740,741,7.2,20,1,service
741,742,7.4,20,1,service
742,743,37.0,20,1,service
743,744,20.7,20,1,service
745,746,19.7,20,1,service
746,747,37.0,20,1,service
747,748,14.0,20,1,service
748,246,8.0,20,1,service
749,750,16.2,40,1,tertiary
750,751,25.9,40,1,tertiary
751,752,19.4,40,1,tertiary
752,753,18.7,40,1,tertiary
753,754,10.6,40,1,tertiary
754,533,10.5,40,1,tertiary
533,755,5.3,40,1,tertiary
755,756,81.7,40,1,tertiary
756,757,200.2,40,1,tertiary
757,555,60.1,40,1,tertiary
555,758,76.8,40,1,tertiary
758,646,21.4,40,1,tertiary
646,759,34.6,40,1,tertiary
759,760,23.1,40,1,tertiary
760,761,23.0,40,1,tertiary
761,762,28.5,40,1,tertiary
762,763,31.8,40,1,tertiary
763,564,54.8,40,1,tertiary
564,575,111.9,40,1,tertiary
575,764,75.1,40,1,tertiary
764,563,92.5,40,1,tertiary
563,765,48.3,40,1,tertiary
766,767,129.5,30,1,residential
768,769,69.6,20,1,unclassified
769,770,34.9,20,1,unclassified
770,295,27.1,20,1,unclassified
295,249,70.7,20,1,unclassified
749,771,40.7,40,1,tertiary
771,111,39.3,40,1,tertiary
772,773,14.1,30,1,residential
773,774,53.5,30,1,residential
774,775,63.8,30,1,residential
775,776,29.6,30,1,residential
776,777,32.5,30,1,residential
777,778,4.4,30,1,residential
778,779,11.0,30,1,residential
779,780,54.2,30,1,residential
780,781,21.9,30,1,residential
781,782,7.3,30,1,residential
782,783,112.3,30,1,residential
783,784,22.5,30,1,residential
784,785,47.8,30,1,residential
785,786,117.7,30,1,residential
786,787,88.8,30,1,residential
787,788,2.6,30,1,residential
789,788,2.1,20,1,unclassified
788,790,3.1,20,1,unclassified
790,791,3.1,20,1,unclassified
791,766,3.1,20,1,unclassified
766,792,3.4,20,1,unclassified
792,793,3.4,20,1,unclassified
793,794,3.4,20,1,unclassified
794,795,3.4,20,1,unclassified
795,276,3.4,20,1,unclassified
276,796,2.3,20,1,unclassified
796,797,2.3,20,1,unclassified
797,112,2.3,20,1,unclassified
112,798,2.4,20,1,unclassified
798,799,2.4,20,1,unclassified
799,768,2.4,20,1,unclassified
768,800,2.6,20,1,unclassified
800,801,2.6,20,1,unclassified
801,802,2.6,20,1,unclassified
802,803,2.6,20,1,unclassified
803,804,2.6,20,1,unclassified
804,805,2.6,20,1,unclassified
805,806,2.6,20,1,unclassified
806,286,2.6,20,1,unclassified
286,807,2.1,20,1,unclassified
807,789,2.1,20,1,unclassified
255,304,69.9,20,1,unclassified
304,808,61.6,20,1,unclassified
808,730,69.8,20,1,unclassified
725,809,70.7,20,1,unclassified
809,305,61.6,20,1,unclassified
305,257,69.4,20,1,unclassified
810,811,30.9,20,1,unclassified
811,812,39.4,20,1,unclassified
812,813,25.9,20,1,unclassified
813,260,18.3,20,1,unclassified
94,814,154.4,40,1,tertiary
814,815,67.1,40,1,tertiary
815,816,69.0,40,1,tertiary
816,817,43.2,40,1,tertiary
817,818,40.3,40,1,tertiary
818,89,26.7,40,1,tertiary
819,820,26.7,20,1,unclassified
820,268,74.0,20,1,unclassified
264,821,15.0,20,1,unclassified
821,822,85.9,20,1,unclassified
90,823,25.6,20,1,unclassified
823,824,12.8,20,1,unclassified
824,99,17.8,20,1,unclassified
131,825,2.9,20,1,unclassified
825,314,2.9,20,1,unclassified
314,826,3.8,20,1,unclassified
826,827,3.8,20,1,unclassified
827,828,3.8,20,1,unclassified
828,829,3.8,20,1,unclassified
829,98,3.8,20,1,unclassified
98,830,2.6,20,1,unclassified
830,831,2.6,20,1,unclassified
831,832,2.6,20,1,unclassified
832,833,3.0,20,1,unclassified
833,834,3.0,20,1,unclassified
834,819,3.0,20,1,unclassified
819,835,3.5,20,1,unclassified
835,836,3.5,20,1,unclassified
836,837,3.5,20,1,unclassified
837,838,3.5,20,1,unclassified
838,839,3.5,20,1,unclassified
839,822,3.5,20,1,unclassified
822,840,3.1,20,1,unclassified
840,131,3.1,20,1,unclassified
318,841,52.5,30,1,residential
841,404,77.8,30,1,residential
404,842,86.4,30,1,residential
842,843,10.4,30,1,residential
843,844,15.7,30,1,residential
844,845,37.0,30,1,residential
845,846,25.8,30,1,residential
846,847,25.3,30,1,residential
847,848,31.1,30,1,residential
848,849,24.0,30,1,residential
849,850,17.6,30,1,residential
850,851,21.2,30,1,residential
851,852,23.9,30,1,residential
852,853,22.1,30,1,residential
853,288,21.1,30,1,residential
288,854,89.2,30,1,residential
854,832,35.0,30,1,residential
127,855,23.7,40,1,tertiary
855,749,12.1,40,1,tertiary
856,857,6.6,20,1,service
857,858,4.3,20,1,service
858,859,4.1,20,1,service
859,860,2.8,20,1,service
860,861,4.2,20,1,service
861,862,5.1,20,1,service
862,863,4.7,20,1,service
863,864,3.9,20,1,service
865,866,9.4,20,1,service
866,867,9.6,20,1,service
867,868,12.4,20,1,service
869,870,48.6,20,1,service
870,871,21.5,20,1,service
871,872,15.1,20,1,service
872,873,11.0,20,1,service
873,874,54.5,20,1,service
874,875,14.3,20,1,service
875,876,12.2,20,1,service
876,877,32.7,20,1,service
877,878,30.2,20,1,service
616,879,20.8,20,1,service
879,880,15.3,20,1,service
881,882,9.2,20,1,service
882,611,30.0,20,1,service
611,883,35.9,20,1,service
884,599,41.2,20,1,service
885,886,14.2,20,1,service
886,597,37.5,20,1,service
887,601,53.3,20,1,service
888,889,9.7,20,1,service
889,602,33.6,20,1,service
608,890,36.3,20,1,service
78,891,7.1,40,1,tertiary
891,892,7.1,40,1,tertiary
892,715,7.3,40,1,tertiary
715,893,10.6,40,1,tertiary
893,86,9.6,40,1,tertiary
86,894,14.4,40,1,tertiary
894,895,13.3,40,1,tertiary
895,65,13.6,40,1,tertiary
896,897,13.9,20,1,service
897,898,12.8,20,1,service
898,899,30.6,20,1,service
899,900,31.5,20,1,service
900,901,14.6,20,1,service
901,18,42.8,20,1,service
317,902,43.9,20,1,service
902,903,45.0,20,1,service
904,905,9.5,20,1,service
905,319,31.0,20,1,service
906,907,10.6,30,1,residential
907,908,6.7,30,1,residential
908,909,6.1,30,1,residential
909,910,5.3,30,1,residential
910,231,35.5,30,1,residential
911,912,1.9,30,1,residential
912,913,1.9,30,1,residential
913,914,1.9,30,1,residential
914,915,1.9,30,1,residential
915,916,1.9,30,1,residential
916,917,1.9,30,1,residential
917,918,1.9,30,1,residential
918,906,1.9,30,1,residential
906,919,1.9,30,1,residential
919,920,1.9,30,1,residential
920,921,1.9,30,1,residential
921,922,1.9,30,1,residential
922,923,3.7,30,1,residential
923,924,1.9,30,1,residential
924,911,1.9,30,1,residential
925,926,15.3,30,1,residential
926,927,2.6,30,1,residential
927,928,3.1,30,1,residential
928,929,3.8,30,1,residential
929,229,39.0,30,1,residential
930,931,24.4,20,1,service
931,220,16.7,20,1,service
932,933,48.4,20,1,service
934,935,12.5,20,1,service
935,936,67.2,20,1,service
932,937,2.9,20,1,service
937,938,2.9,20,1,service
938,939,2.9,20,1,service
939,940,2.9,20,1,service
940,941,2.9,20,1,service
941,942,2.9,20,1,service
942,943,2.9,20,1,service
943,934,2.9,20,1,service
934,944,2.9,20,1,service
944,945,2.9,20,1,service
945,946,2.9,20,1,service
946,947,2.9,20,1,service
947,948,2.9,20,1,service
948,949,2.9,20,1,service
949,950,2.9,20,1,service
950,951,2.9,20,1,service
951,952,2.9,20,1,service
952,932,2.9,20,1,service
108,941,76.2,20,1,service
308,953,20.9,20,1,service
953,954,2.6,20,1,service
954,955,2.0,20,1,service
955,956,13.9,20,1,service
957,958,47.2,30,1,residential
958,959,10.1,30,1,residential
959,960,23.4,30,1,residential
960,961,9.2,30,1,residential
961,962,22.0,30,1,residential
962,963,31.7,30,1,residential
964,965,14.1,30,1,residential
965,966,19.5,30,1,residential
966,967,17.4,30,1,residential
505,968,7.3,20,1,service
968,969,4.9,20,1,service
969,970,6.5,20,1,service
970,971,34.1,20,1,service
971,972,10.4,20,1,service
972,973,8.9,20,1,service
974,975,11.2,20,1,service
975,976,11.5,20,1,service
976,977,21.2,20,1,service
977,978,17.5,20,1,service
978,979,12.9,20,1,service
979,980,11.1,20,1,service
980,981,22.5,20,1,service
981,982,22.9,20,1,service
982,983,23.5,20,1,service
983,984,31.5,20,1,service
984,985,22.9,20,1,service
985,986,15.2,20,1,service
986,987,35.3,20,1,service
987,988,46.8,20,1,service
988,683,48.2,20,1,service
683,989,13.8,20,1,service
989,990,19.2,20,1,service
990,991,42.8,20,1,service
991,992,39.6,20,1,service
992,993,15.5,20,1,service
993,994,22.8,20,1,service
994,995,22.9,20,1,service
995,996,28.2,20,1,service
996,423,26.5,20,1,service
290,997,40.4,20,1,service
997,998,0.7,20,1,service
998,999,1.2,20,1,service
999,1000,15.0,20,1,service
1000,1001,1.2,20,1,service
1001,1002,1.0,20,1,service
1002,289,40.4,20,1,service
292,1003,14.0,20,1,service
293,1004,10.6,20,1,service
1004,1005,2.0,20,1,service
1005,1006,1.9,20,1,service
1006,1003,18.7,20,1,service
1003,1007,45.6,20,1,service
1008,1009,1.2,20,1,service
1009,1010,21.4,20,1,service
1010,1011,0.8,20,1,service
1011,1012,1.0,20,1,service
1012,1013,10.8,20,1,service
291,1007,15.9,20,1,service
1007,1013,19.1,20,1,service
1013,1014,23.1,20,1,service
1014,1015,1.1,20,1,service
1015,1016,1.4,20,1,service
1016,1017,8.4,20,1,service
1017,1008,1.0,20,1,service
1018,1019,47.8,20,1,service
1019,1020,1.1,20,1,service
1020,1021,1.4,20,1,service
1021,1022,24.3,20,1,service
1022,1023,1.5,20,1,service
1023,1024,1.0,20,1,service
1024,1025,47.4,20,1,service
902,1025,19.5,20,1,service
1025,1018,27.0,20,1,service
1026,1027,48.1,20,1,service
1027,1028,2.5,20,1,service
1028,1029,1.8,20,1,service
1029,333,6.7,20,1,service
280,1030,14.5,20,1,service
1030,1031,3.5,20,1,service
1031,1032,12.8,20,1,service
1032,1033,2.1,20,1,service
1033,1034,1.8,20,1,service
1034,337,30.8,20,1,service
1035,1036,12.5,20,1,service
1036,1037,1.0,20,1,service
1037,1038,0.9,20,1,service
1038,1039,14.7,20,1,service
1040,1041,12.4,20,1,service
1042,1043,16.3,20,1,service
1043,1041,3.1,20,1,service
1041,339,16.9,20,1,service
281,1042,25.0,20,1,service
1042,1044,11.3,20,1,service
1044,1045,0.7,20,1,service
1045,1046,0.8,20,1,service
1046,1040,17.9,20,1,service
1040,338,17.3,20,1,service
1047,1048,3.1,20,1,service
1048,1049,3.1,20,1,service
1049,1050,3.1,20,1,service
1050,1051,3.1,20,1,service
1051,1052,3.1,20,1,service
1052,1053,3.1,20,1,service
1053,1054,3.1,20,1,service
1054,1055,3.1,20,1,service
1055,936,3.1,20,1,service
936,1056,3.1,20,1,service
1056,1057,3.1,20,1,service
1057,1058,3.1,20,1,service
1058,1059,3.1,20,1,service
1059,1060,3.1,20,1,service
1060,1061,3.1,20,1,service
1061,1062,3.1,20,1,service
1062,1063,3.1,20,1,service
1063,1047,3.1,20,1,service
93,1064,31.5,20,1,service
1064,1065,34.9,20,1,service
1065,1066,80.2,20,1,service
816,1067,14.6,20,1,service
1067,1068,13.1,20,1,service
1068,1069,29.5,20,1,service
1069,1070,33.1,20,1,service
1070,1071,26.8,20,1,service
1071,1072,18.0,20,1,service
1072,1073,33.3,20,1,service
1073,1074,43.2,20,1,service
1074,1075,12.3,20,1,service
1075,1076,12.7,20,1,service
1076,1077,55.8,20,1,service
1077,1078,17.8,20,1,service
1078,1079,40.6,20,1,service
1079,1080,33.4,20,1,service
1081,1039,23.3,20,1,service
1039,187,30.4,20,1,service
194,1082,7.8,20,1,service
1082,1083,1.1,20,1,service
1083,1084,4.7,20,1,service
1084,1085,2.3,20,1,service
1085,1086,3.3,20,1,service
1086,1087,2.0,20,1,service
1087,1088,6.7,20,1,service
1088,1089,1.3,20,1,service
1089,1090,1.2,20,1,service
1090,1091,16.9,20,1,service
1091,1092,1.8,20,1,service
1092,1035,1.5,20,1,service
196,1093,5.9,20,1,service
1093,226,17.4,20,1,service
225,1094,16.6,20,1,service
1094,198,4.7,20,1,service
198,1095,25.2,20,1,service
1095,1081,23.4,20,1,service
1096,1081,46.0,20,1,service
1097,1098,1.9,30,1,residential
1098,1099,1.9,30,1,residential
1099,1100,1.9,30,1,residential
1100,1101,1.9,30,1,residential
1101,1102,1.9,30,1,residential
1102,925,1.9,30,1,residential
925,1103,1.9,30,1,residential
1103,1104,1.9,30,1,residential
1104,1105,1.9,30,1,residential
1105,1106,1.9,30,1,residential
1106,1107,1.9,30,1,residential
1107,1097,1.9,30,1,residential
403,1108,20.2,30,1,residential
1108,1109,25.9,30,1,residential
1109,275,15.4,30,1,residential
275,767,18.6,30,1,residential
767,1110,4.5,30,1,residential
1110,1111,17.1,30,1,residential
1111,1112,44.9,30,1,residential
33,869,39.9,30,1,residential
869,403,45.2,30,1,residential
62,1113,12.4,30,1,residential
1113,1114,9.4,30,1,residential
1114,1115,10.0,30,1,residential
1115,1116,21.1,30,1,residential
1116,1117,26.3,30,1,residential
1117,1118,27.3,30,1,residential
1118,1119,27.7,30,1,residential
1119,1120,53.0,30,1,residential
1120,1121,15.1,30,1,residential
1121,1122,72.2,30,1,residential
1122,1123,12.0,30,1,residential
1123,1124,67.2,30,1,residential
1124,1125,4.8,30,1,residential
1125,1126,14.7,30,1,residential
1126,1127,70.8,30,1,residential
1127,1128,3.6,30,1,residential
1128,1129,63.4,30,1,residential
1129,865,82.6,30,1,residential
865,1130,18.5,30,1,residential
1130,856,74.9,30,1,residential
856,1131,10.1,30,1,residential
1131,1132,24.2,30,1,residential
1132,1133,16.4,30,1,residential
1133,1134,10.0,30,1,residential
1134,1135,10.2,30,1,residential
1135,1136,10.9,30,1,residential
1136,1137,10.8,30,1,residential
1137,1138,11.8,30,1,residential
1138,1139,5.2,30,1,residential
1139,1140,8.0,30,1,residential
1140,34,34.4,30,1,residential
755,1141,73.0,30,1,residential
1141,1142,21.0,30,1,residential
1142,1143,10.6,30,1,residential
1143,1144,17.6,30,1,residential
1144,963,109.8,30,1,residential
963,964,14.3,30,1,residential
964,1145,17.9,30,1,residential
1145,1146,15.3,30,1,residential
1146,1147,12.8,30,1,residential
1147,1148,13.4,30,1,residential
1148,1149,17.9,30,1,residential
1149,1150,19.3,30,1,residential
1150,34,18.2,30,1,residential
723,1151,3.2,30,1,residential
1151,1152,94.9,30,1,residential
1152,1153,45.6,30,1,residential
1153,1154,51.9,30,1,residential
1154,1155,85.1,30,1,residential
1156,169,131.4,20,1,service
103,1157,26.9,20,1,unclassified
1157,1158,26.6,20,1,unclassified
1158,1159,11.5,20,1,unclassified
1159,1160,3.2,20,1,unclassified
1160,1161,17.5,20,1,unclassified
1161,1162,48.8,20,1,unclassified
1162,1163,4.4,20,1,unclassified
1163,1164,3.9,20,1,unclassified
1164,1165,4.5,20,1,unclassified
1165,1166,16.5,20,1,unclassified
1166,974,46.3,20,1,unclassified
974,1167,114.8,20,1,unclassified
1167,1168,37.9,20,1,unclassified
1168,1169,45.7,20,1,unclassified
1169,1170,16.5,20,1,unclassified
1170,80,75.4,20,1,unclassified
80,1171,6.0,30,1,residential
1171,676,101.5,30,1,residential
417,1172,176.5,20,1,service
362,1173,14.8,30,1,residential
1173,1174,30.6,30,1,residential
1174,1175,26.3,30,1,residential
1175,485,8.6,30,1,residential
665,1176,57.4,30,1,residential
1176,1177,2.6,30,1,residential
1177,1178,2.9,30,1,residential
1178,1179,4.8,30,1,residential
1144,1180,64.3,30,1,residential
1180,1181,25.0,30,1,residential
1181,1182,76.4,30,1,residential
1182,1183,20.0,30,1,residential
1183,1184,19.5,30,1,residential
1184,548,9.6,30,1,residential
548,1185,13.6,20,1,service
1185,1186,20.7,20,1,service
1186,1187,18.3,20,1,service
1187,1188,9.9,20,1,service
1188,1189,11.8,20,1,service
1190,1191,17.3,20,1,service
1191,1192,10.1,20,1,service
1192,1193,11.1,20,1,service
1193,1194,15.8,20,1,service
1194,1181,17.1,20,1,service
1195,1196,7.5,20,1,service
1196,1197,10.1,20,1,service
1197,47,18.7,20,1,service
1198,1199,18.1,30,1,residential
1199,1200,3.5,30,1,residential
1200,1201,3.9,30,1,residential
1201,1202,23.3,30,1,residential
1202,848,21.5,30,1,residential
1159,1203,14.8,20,1,service
1203,1204,30.1,20,1,service
1170,1205,76.4,20,1,service
842,1206,30.0,20,1,service
1206,1207,53.8,20,1,service
48,1208,38.4,20,1,service
1208,1209,12.7,20,1,service
114,1210,13.6,20,1,service
1210,1211,9.7,20,1,service
1211,1212,9.4,20,1,service
1212,1213,7.5,20,1,service
643,1214,10.5,20,1,service
1214,1215,12.8,20,1,service
1215,1216,9.5,20,1,service
619,1217,14.3,20,1,service
1217,1218,19.8,20,1,service
1218,1219,5.3,20,1,service
1219,1220,8.3,20,1,service
652,1221,7.5,20,1,service
1221,1222,17.5,20,1,service
1222,1223,17.5,20,1,service
1223,1224,5.4,20,1,service
47,1225,5.5,20,1,service
1225,1226,3.6,20,1,service
1226,1227,3.8,20,1,service
1227,1228,5.1,20,1,service
1228,1229,2.9,20,1,service
1229,1230,4.9,20,1,service
1230,1231,2.9,20,1,service
46,1232,3.9,20,1,service
1232,1233,3.6,20,1,service
1233,1234,5.3,20,1,service
1234,1235,5.7,20,1,service
1235,1236,5.9,20,1,service
1236,1237,3.9,20,1,service
44,1238,5.1,20,1,service
1238,1239,3.1,20,1,service
1239,1240,6.2,20,1,service
1240,1241,4.3,20,1,service
1241,1242,5.1,20,1,service
1242,1243,5.1,20,1,service
381,1244,10.8,20,1,service
1244,1245,14.8,20,1,service
1245,1246,7.7,20,1,service
1246,1247,11.5,20,1,service
1247,1248,4.3,20,1,service
369,1249,7.7,20,1,service
1249,1250,12.5,20,1,service
1250,1251,5.8,20,1,service
1251,1252,7.2,20,1,service
371,1253,15.2,20,1,service
1253,1254,8.6,20,1,service
1254,1255,14.0,20,1,service
384,1256,10.2,30,1,residential
1256,1257,12.1,30,1,residential
1257,1258,9.0,30,1,residential
1258,1259,8.9,30,1,residential
1259,1260,12.5,30,1,residential
35,1261,6.3,20,1,service
1261,1262,8.9,20,1,service
1262,1263,14.1,20,1,service
1263,1264,9.3,20,1,service
1139,1265,8.1,20,1,service
1265,1266,7.5,20,1,service
1266,1267,6.3,20,1,service
1267,1268,9.8,20,1,service
1149,1269,10.1,20,1,service
1269,1270,5.4,20,1,service
1270,1271,7.7,20,1,service
1271,1272,7.4,20,1,service
1175,1273,12.6,20,1,service
1273,1274,10.0,20,1,service
488,1275,11.0,20,1,service
1275,1276,6.4,20,1,service
1276,1277,8.4,20,1,service
492,1278,16.0,20,1,service
1278,1279,9.4,20,1,service
1279,1280,7.5,20,1,service
443,1281,21.2,20,1,service
1281,1282,11.1,20,1,service
1282,1283,4.0,20,1,service
1283,1284,3.5,20,1,service
1284,1285,17.5,20,1,service
1285,1286,47.5,20,1,service
1286,1287,5.9,20,1,service
1287,1288,7.9,20,1,service
1288,1289,7.2,20,1,service
1289,1290,3.4,20,1,service
1290,1291,3.4,20,1,service
1291,1292,7.9,20,1,service
1292,442,17.3,20,1,service
1182,1293,15.0,20,1,service
1293,1294,16.2,20,1,service
1294,1295,12.6,20,1,service
1295,1296,14.1,20,1,service
1296,1297,17.0,20,1,service
1298,1299,14.4,20,1,service
1299,1300,10.2,20,1,service
1300,524,7.1,20,1,service
1301,1302,17.0,20,1,service
1302,1303,14.6,20,1,service
1303,491,15.7,20,1,service
1304,1305,9.6,20,1,service
1305,1306,11.9,20,1,service
1306,484,26.7,20,1,service
1307,1308,11.5,20,1,service
1308,1309,18.3,20,1,service
1309,361,8.5,20,1,service
1310,1311,24.7,20,1,service
1311,639,23.6,20,1,service
1312,1313,8.4,20,1,service
1313,1314,20.8,20,1,service
1314,640,24.2,20,1,service
1315,1316,22.7,20,1,service
1316,1317,15.0,20,1,service
1317,1318,15.2,20,1,service
1318,637,23.2,20,1,service
586,1319,7.5,20,1,service
1319,1320,9.1,20,1,service
1321,1322,11.3,20,1,service
1322,1323,9.5,20,1,service
1323,1324,10.7,20,1,service
1324,1325,10.1,20,1,service
1325,1326,14.9,20,1,service
1326,1327,18.4,20,1,service
1327,1328,13.7,20,1,service
1328,587,13.9,20,1,service
1329,1330,8.1,20,1,service
1330,1331,30.2,20,1,service
1331,1125,9.4,20,1,service
1332,1333,11.2,20,1,service
1333,1334,8.5,20,1,service
1334,1335,11.5,20,1,service
1335,1122,20.0,20,1,service
1336,1337,5.6,20,1,service
1337,1127,39.7,20,1,service
1338,1339,7.3,20,1,service
1339,1120,37.3,20,1,service
1340,1341,12.5,20,1,service
1341,1342,10.5,20,1,service
1342,1130,14.6,20,1,service
1343,1344,13.2,20,1,service
1344,1345,11.0,20,1,service
1345,527,23.5,20,1,service
1346,1347,13.7,20,1,service
1347,1348,32.6,20,1,service
1348,519,17.7,20,1,service
1349,531,21.6,20,1,service
1350,1351,9.2,20,1,service
1351,1352,22.6,20,1,service
1352,558,17.0,20,1,service
462,1353,8.6,30,1,residential
1353,1354,11.8,30,1,residential
1354,1355,14.5,30,1,residential
1355,1356,23.6,30,1,residential
1356,1357,45.4,30,1,residential
1354,1358,8.1,20,1,service
1358,1359,9.6,20,1,service
1359,1360,6.6,20,1,service
1360,1361,4.4,20,1,service
1361,1362,9.3,20,1,service
1362,1363,11.9,20,1,service
1363,464,11.6,20,1,service
461,1364,21.4,20,1,service
1364,1365,24.9,20,1,service
472,1366,7.3,20,1,service
1366,1367,4.6,20,1,service
870,1368,28.1,20,1,service
1368,1369,4.5,20,1,service
1370,1371,5.6,30,1,residential
1371,1372,7.2,30,1,residential
1372,1373,6.1,30,1,residential
1373,1374,9.5,30,1,residential
234,1375,6.8,30,1,residential
1375,1376,6.8,30,1,residential
1376,1377,6.0,30,1,residential
1160,1378,67.5,20,1,service
1378,1379,65.2,20,1,service
1379,1162,73.2,20,1,service
1380,1381,5.7,20,1,service
1381,1382,17.8,20,1,service
1382,1129,13.5,20,1,service
966,1383,21.5,20,1,service
1383,1384,6.0,20,1,service
1384,965,24.8,20,1,service
1385,1386,38.5,20,1,service
1386,1060,28.1,20,1,service
1387,523,62.4,20,1,service
101,1388,28.7,20,1,service
1388,1389,8.5,20,1,service
1389,1390,21.9,20,1,service
1390,1391,16.7,20,1,service
1392,1393,48.3,20,1,service
1394,1395,47.8,20,1,service
1395,1392,21.5,20,1,service
1167,1396,16.5,20,1,service
1396,1393,15.2,20,1,service
1393,1394,22.8,20,1,service
1397,1398,31.4,20,1,service
1399,1397,10.6,20,1,service
1158,1399,65.9,20,1,service
1399,1378,14.7,20,1,service
1400,1401,9.3,20,1,service
1401,1402,19.2,20,1,service
1402,1403,35.3,20,1,service
106,1402,24.3,20,1,service
30,1404,11.3,20,1,service
1404,1405,12.2,20,1,service
1405,1406,9.5,20,1,service
1406,1407,4.7,20,1,service
28,1408,9.4,20,1,service
1408,1409,6.6,20,1,service
1409,1410,6.4,20,1,service
1410,1411,7.2,20,1,service
25,1412,20.5,20,1,service
1412,1413,6.8,20,1,service
1413,1414,7.8,20,1,service
1414,1415,11.9,20,1,service
1415,1416,11.9,20,1,service
1416,1417,15.3,20,1,service
1417,1418,6.5,20,1,service
1418,1419,8.3,20,1,service
482,1420,10.5,20,1,service
1420,1421,11.0,20,1,service
37,1422,12.1,20,1,service
1422,1423,8.4,20,1,service
1423,1424,9.8,20,1,service
1424,1425,7.1,20,1,service
39,1426,9.0,20,1,service
1426,1427,10.2,20,1,service
1427,1428,9.3,20,1,service
42,1429,8.1,20,1,service
1429,1430,7.4,20,1,service
1430,1431,8.6,20,1,service
1126,1432,9.9,20,1,service
1432,1433,10.4,20,1,service
1433,1434,9.1,20,1,service
40,1435,10.2,20,1,service
1435,1436,13.5,20,1,service
480,1437,9.1,20,1,service
1437,1438,11.4,20,1,service
1438,1439,11.6,20,1,service
368,1440,13.5,20,1,service
1440,1441,13.6,20,1,service
1441,1442,13.4,20,1,service
1442,1443,15.5,20,1,service
1443,1444,5.6,20,1,service
352,1445,8.7,20,1,service
1445,1446,8.7,20,1,service
1446,1447,7.7,20,1,service
1447,1448,11.7,20,1,service
1449,815,81.4,20,1,service
227,1450,13.9,20,1,service
1450,1451,8.4,20,1,service
1451,1452,9.7,20,1,service
1452,1453,79.7,20,1,service
1453,1454,9.6,20,1,service
1454,1455,18.5,20,1,service
1455,1456,29.0,20,1,service
1456,1457,19.7,20,1,service
1457,287,10.4,20,1,service
1156,1458,37.6,20,1,service
1458,1459,21.9,20,1,service
1459,414,61.3,20,1,service
1370,409,85.1,30,1,residential
422,1460,14.1,20,1,service
1460,1461,12.6,20,1,service
1461,1462,9.9,20,1,service
1462,1463,63.3,20,1,service
1463,1464,8.4,20,1,service
1464,1465,7.0,20,1,service
1465,1466,7.5,20,1,service
1466,419,18.8,20,1,service
1169,1467,69.7,20,1,service
1065,1468,96.1,20,1,service
1468,1469,84.5,20,1,service
1469,1067,101.9,20,1,service
732,1470,83.1,20,1,unclassified
1470,294,41.5,20,1,unclassified
294,404,138.6,20,1,unclassified
315,738,102.7,20,1,unclassified
1471,1472,15.3,20,1,service
23,1473,10.4,20,1,service
1473,1474,13.9,20,1,service
1474,1475,10.5,20,1,service
1475,1476,14.9,20,1,service
1476,1477,10.0,20,1,service
1477,1478,17.6,20,1,service
1478,1471,7.6,20,1,service
1471,1479,8.2,20,1,service
1479,1480,22.6,20,1,service
1480,1481,6.7,20,1,service
1481,1482,8.6,20,1,service
1482,1483,11.0,20,1,service
1483,1484,36.2,20,1,service
1485,216,12.9,20,1,service
1485,1486,4.2,20,1,service
1486,1487,2.4,20,1,service
1487,287,41.1,20,1,service
1488,1485,19.5,20,1,service
215,1489,38.2,20,1,service
854,1490,28.4,30,1,residential
1490,1491,3.4,30,1,residential
1491,1492,3.5,30,1,residential
1492,820,32.7,30,1,residential
192,1493,6.3,20,1,service
1493,1494,4.1,20,1,service
1494,1495,50.5,20,1,service
1039,1496,16.0,20,1,service
1496,1497,2.5,20,1,service
1497,1498,3.3,20,1,service
1498,1499,22.0,20,1,service
931,1500,25.9,20,1,service
1500,1501,22.5,20,1,service
786,1502,21.2,20,1,service
1502,1503,69.8,20,1,service
118,1504,6.9,20,1,service
1504,1505,1.9,20,1,service
1505,1506,10.1,20,1,service
1506,1507,1.6,20,1,service
1507,119,5.9,20,1,service
705,712,23.8,20,1,service
186,1508,1.6,20,1,service
1508,1509,1.9,20,1,service
1509,701,49.8,20,1,service
1510,1511,74.3,20,1,service
1511,1512,2.6,20,1,service
1512,1513,2.0,20,1,service
1513,1514,2.8,20,1,service
1514,1470,28.6,20,1,service
1515,331,77.8,20,1,service
494,1516,72.6,20,1,service
446,1517,26.1,30,1,residential
1517,1518,35.7,30,1,residential
1518,1519,11.7,30,1,residential
1519,1520,17.5,30,1,residential
1520,1521,24.9,30,1,residential
1521,1522,7.0,30,1,residential
1522,1523,2.8,30,1,residential
1523,1524,5.2,30,1,residential
1524,1525,4.2,30,1,residential
1525,1526,31.1,30,1,residential
1526,1527,15.9,30,1,residential
1527,1528,7.1,30,1,residential
1528,1529,7.9,30,1,residential
1529,1530,12.0,30,1,residential
1530,1531,8.2,30,1,residential
83,1532,88.8,40,1,tertiary
1532,1533,58.5,40,1,tertiary
1533,183,69.8,40,1,tertiary
183,1534,46.4,40,1,tertiary
1535,562,16.2,20,1,service
1536,1535,55.5,20,1,service
1537,1538,31.6,20,1,service
1538,1539,7.0,20,1,service
1539,1540,4.6,20,1,service
1540,1541,17.7,20,1,service
1541,1542,38.3,20,1,service
1543,1544,10.6,20,1,service
1545,1546,44.5,20,1,service
1546,1537,17.8,20,1,service
1545,1543,6.4,20,1,service
1547,1548,10.6,20,1,service
1544,1548,52.1,20,1,service
1549,1547,20.9,20,1,service
1547,1542,5.8,20,1,service
1542,1545,39.9,20,1,service
529,1550,18.1,20,1,service
1550,1551,19.2,20,1,service
1551,1552,9.4,20,1,service
1552,1553,10.0,20,1,service
1553,1554,13.1,20,1,service
1554,1555,36.0,20,1,service
1555,1556,2.5,20,1,service
1556,1557,8.6,20,1,service
1557,1558,88.8,20,1,service
1558,1537,27.8,20,1,service
